{
	"varer": {
		"genser": {
			"genser001": {
				"Navn": "Pattern Detail Knit",
				"Pris": "399 kr",
				"Farge1": "Hvit",
				"Farge2": "",
				"Farge3": "",
				"Merke": "NLY Trend",
				"Salg": "",
				"Bilde1": "genser/G1_1.jpeg",
				"Bilde2": "genser/G1_2.jpeg",
				"Bilde3": "genser/G1_3.jpeg"
			},
			"genser002": {
				"Navn": "Through The Hood Sweat",
				"Pris": "299 kr",
				"Farge1": "Svart",
				"Farge2": "",
				"Farge3": "",
				"Merke": "NLY Trend",
				"Salg": "",
				"Bilde1": "genser/G2_1.jpeg",
				"Bilde2": "genser/G2_2.jpeg",
				"Bilde3": "genser/G2_3.jpeg"
			},
			"genser003": {
				"Navn": "Pattern Detail Knit",
				"Pris": "399 kr",
				"Farge1": "Blå",
				"Farge2": "",
				"Farge3": "",
				"Merke": "NLY Trend",
				"Salg": "",
				"Bilde1": "genser/G3_1.jpeg",
				"Bilde2": "genser/G3_2.jpeg",
				"Bilde3": "genser/G3_3.jpeg"
			},
			"genser004": {
				"Navn": "Puffy V Neck Crop Sweat",
				"Pris": "299 kr",
				"Farge1": "Hvit",
				"Farge2": "",
				"Farge3": "",
				"Merke": "NLY Trend",
				"Salg": "",
				"Bilde1": "genser/G4_1.jpeg",
				"Bilde2": "genser/G4_2.jpeg",
				"Bilde3": "genser/G4_3.jpeg"
			},
			"genser005": {
				"Navn": "Colorblock Sweat",
				"Pris": "499 kr",
				"Farge1": "Svart",
				"Farge2": "Rosa",
				"Farge3": "Hvit",
				"Merke": "NLY Trend",
				"Salg": "",
				"Bilde1": "genser/G5_1.jpeg",
				"Bilde2": "genser/G5_2.jpeg",
				"Bilde3": "genser/G5_3.jpeg"
			},
			"genser006": {
				"Navn": "VMCARRIE LS PATTERN BLOUSE BOO",
				"Pris": "299 kr",
				"Farge1": "Hvit",
				"Farge2": "",
				"Farge3": "",
				"Merke": "Vero Moda",
				"Salg": "",
				"Bilde1": "genser/G6_1.jpeg",
				"Bilde2": "genser/G6_2.jpeg",
				"Bilde3": "genser/G6_3.jpeg"
			},
			"genser007": {
				"Navn": "Rolla Rollneck",
				"Pris": "699 kr",
				"Farge1": "Hvit",
				"Farge2": "",
				"Farge3": "",
				"Merke": "Gestuz",
				"Salg": "",
				"Bilde1": "genser/G7_1.jpeg",
				"Bilde2": "genser/G7_2.jpeg",
				"Bilde3": "genser/G7_3.jpeg"
			},
			"genser008": {
				"Navn": "Puffy Sleeve Knit",
				"Pris": "349 kr",
				"Farge1": "Gul",
				"Farge2": "Hvit",
				"Farge3": "",
				"Merke": "NLY Trend",
				"Salg": "",
				"Bilde1": "genser/G8_1.jpeg",
				"Bilde2": "genser/G8_2.jpeg",
				"Bilde3": "genser/G8_3.jpeg"
			},
			"genser009": {
				"Navn": "LEAH CREW SWEAT",
				"Pris": "699 kr",
				"Farge1": "Hvit",
				"Farge2": "Rosa",
				"Farge3": "",
				"Merke": "Fila",
				"Salg": "",
				"Bilde1": "genser/G9_1.jpeg",
				"Bilde2": "genser/G9_2.jpeg",
				"Bilde3": "genser/G9_3.jpeg"
			},
			"genser010": {
				"Navn": "Through The Hood Sweat",
				"Pris": "299 kr",
				"Farge1": "Beige",
				"Farge2": "",
				"Farge3": "",
				"Merke": "NLY Trend",
				"Salg": "",
				"Bilde1": "genser/G10_1.jpeg",
				"Bilde2": "genser/G10_2.jpeg",
				"Bilde3": "genser/G10_3.jpeg"
			},
			"genser011": {
				"Navn": "Puffy V Neck Crop Sweat",
				"Pris": "299 kr",
				"Farge1": "Gul",
				"Farge2": "",
				"Farge3": "",
				"Merke": "NLY Trend",
				"Salg": "",
				"Bilde1": "genser/G11_1.jpeg",
				"Bilde2": "genser/G11_2.jpeg",
				"Bilde3": "genser/G11_3.jpeg"
			},
			"genser012": {
				"Navn": "Colorblock Sweat",
				"Pris": "449 kr",
				"Farge1": "Beige",
				"Farge2": "Rosa",
				"Farge3": "Svart",
				"Merke": "NLY Trend",
				"Bilde1": "genser/G12_1.jpeg",
				"Bilde2": "genser/G12_2.jpeg",
				"Bilde3": "genser/G12_3.jpeg"
			},
			"genser013": {
				"Navn": "Rolla Rollneck",
				"Pris": "699 kr",
				"Farge1": "Svart",
				"Farge2": "",
				"Farge3": "",
				"Merke": "Gestuz",
				"Salg": "",
				"Bilde1": "genser/G13_1.jpeg",
				"Bilde2": "genser/G13_2.jpeg",
				"Bilde3": "genser/G13_3.jpeg"
			},
			"genser014": {
				"Navn": "W NSW CREW LOGO TAPE",
				"Pris": "579 kr",
				"Farge1": "Hvit",
				"Farge2": "Svart",
				"Farge3": "",
				"Merke": "Nike",
				"Salg": "",
				"Bilde1": "genser/G14_1.jpeg",
				"Bilde2": "genser/G14_2.jpeg",
				"Bilde3": "genser/G14_3.jpeg"
			},
			"genser015": {
				"Navn": "Pattern Detail Knit",
				"Pris": "399 kr",
				"Farge1": "Rosa",
				"Farge2": "",
				"Farge3": "",
				"Merke": "NLY Trend",
				"Salg": "",
				"Bilde1": "genser/G15_1.jpeg",
				"Bilde2": "genser/G15_2.jpeg",
				"Bilde3": "genser/G15_3.jpeg"
			}
		},
		"kjole": {
			"kjole001": {
				"Navn": "Soft Off Shoulder Dress",
				"Pris": "399 kr",
				"Farge1": "Gul",
				"Farge2": "",
				"Farge3": "",
				"Merke": "NLY Trend",
				"Salg": "",
				"Bilde1": "kjole/K1_1.jpeg",
				"Bilde2": "kjole/K1_2.jpeg",
				"Bilde3": "kjole/K1_3.jpeg"
			},
			"kjole002": {
				"Navn": "SS HMPTON DR-SHORT SLEEVE-CASUAL DRESS",
				"Pris": "2299 kr",
				"Farge1": "Blå",
				"Farge2": "Hvit",
				"Farge3": "",
				"Merke": "Polo Ralph Lauren",
				"Salg": "",
				"Bilde1": "kjole/K2_1.jpeg",
				"Bilde2": "kjole/K2_2.jpeg",
				"Bilde3": "kjole/K2_3.jpeg"
			},
			"kjole003": {
				"Navn": "onlLUCIA DITZY LONG L/S DRESS WVN",
				"Pris": "599 kr",
				"Farge1": "Hvit",
				"Farge2": "Grønn",
				"Farge3": "",
				"Merke": "Only",
				"Salg": "",
				"Bilde1": "kjole/K3_1.jpeg",
				"Bilde2": "kjole/K3_2.jpeg",
				"Bilde3": "kjole/K3_3.jpeg"
			},
			"kjole004": {
				"Navn": "Off Duty Dress",
				"Pris": "199 kr",
				"Farge1": "Grønn",
				"Farge2": "",
				"Farge3": "",
				"Merke": "NLY Trend",
				"Salg": "",
				"Bilde1": "kjole/K4_1.jpeg",
				"Bilde2": "kjole/K4_2.jpeg",
				"Bilde3": "kjole/K4_3.jpeg"
			},
			"kjole005": {
				"Navn": "Soft Off Shoulder Dress",
				"Pris": "399 kr",
				"Farge1": "Rosa",
				"Farge2": "",
				"Farge3": "",
				"Merke": "NLY Trend",
				"Salg": "",
				"Bilde1": "kjole/K5_1.jpeg",
				"Bilde2": "kjole/K5_2.jpeg",
				"Bilde3": "kjole/K5_3.jpeg"
			},
			"kjole006": {
				"Navn": "My Buttercup Dress",
				"Pris": "779 kr",
				"Farge1": "Gul",
				"Farge2": "",
				"Farge3": "",
				"Merke": "Love Triangle",
				"Salg": "",
				"Bilde1": "kjole/K6_1.jpeg",
				"Bilde2": "kjole/K6_2.jpeg",
				"Bilde3": "kjole/K6_3.jpeg"
			},
			"kjole007": {
				"Navn": "Floral Maxi Dress",
				"Pris": "689 kr",
				"Farge1": "Blå",
				"Farge2": "Hvit",
				"Farge3": "Gul",
				"Merke": "Glamorous",
				"Salg": "",
				"Bilde1": "kjole/K7_1.jpeg",
				"Bilde2": "kjole/K7_2.jpeg",
				"Bilde3": "kjole/K7_3.jpeg"
			},
			"kjole008": {
				"Navn": "Off Duty Dress",
				"Pris": "199 kr",
				"Farge1": "Svart",
				"Farge2": "",
				"Farge3": "",
				"Merke": "NLY Trend",
				"Salg": "",
				"Bilde1": "kjole/K8_1.jpeg",
				"Bilde2": "kjole/K8_2.jpeg",
				"Bilde3": "kjole/K8_3.jpeg"
			},
			"kjole009": {
				"Navn": "Side Stripe Dress",
				"Pris": "249 kr",
				"Farge1": "Svart",
				"Farge2": "Rød",
				"Farge3": "Hvit",
				"Merke": "NLY Trend",
				"Salg": "",
				"Bilde1": "kjole/K9_1.jpeg",
				"Bilde2": "kjole/K9_2.jpeg",
				"Bilde3": "kjole/K9_3.jpeg"
			},
			"kjole010": {
				"Navn": "My Perfect Polo Midi Dress",
				"Pris": "379 kr",
				"Farge1": "Grønn",
				"Farge2": "",
				"Farge3": "",
				"Merke": "NLY Trend",
				"Salg": "",
				"Bilde1": "kjole/K10_1.jpeg",
				"Bilde2": "kjole/K10_2.jpeg",
				"Bilde3": "kjole/K10_3.jpeg"
			},
			"kjole011": {
				"Navn": "Soft Off Shoulder Dress",
				"Pris": "399 kr",
				"Farge1": "Hvit",
				"Farge2": "",
				"Farge3": "",
				"Merke": "NLY Trend",
				"Salg": "",
				"Bilde1": "kjole/K11_1.jpeg",
				"Bilde2": "kjole/K11_2.jpeg",
				"Bilde3": "kjole/K11_3.jpeg"
			},
			"kjole012": {
				"Navn": "Long Sleeve Print Dress",
				"Pris": "379 kr",
				"Farge1": "Svart",
				"Farge2": "Gul",
				"Farge3": "Rosa",
				"Merke": "Ax Paris",
				"Salg": "",
				"Bilde1": "kjole/K12_1.jpeg",
				"Bilde2": "kjole/K12_2.jpeg",
				"Bilde3": "kjole/K12_3.jpeg"
			},
			"kjole013": {
				"Navn": "My Perfect Polo Midi Dress",
				"Pris": "379 kr",
				"Farge1": "Svart",
				"Farge2": "",
				"Farge3": "",
				"Merke": "NLY Trend",
				"Salg": "",
				"Bilde1": "kjole/K13_1.jpeg",
				"Bilde2": "kjole/K13_2.jpeg",
				"Bilde3": "kjole/K13_3.jpeg"
			},
			"kjole014": {
				"Navn": "Short Sleeve Frill Dress",
				"Pris": "449 kr",
				"Farge1": "Gul",
				"Farge2": "",
				"Farge3": "",
				"Merke": "Ax Paris",
				"Salg": "",
				"Bilde1": "kjole/K14_1.jpeg",
				"Bilde2": "kjole/K14_2.jpeg",
				"Bilde3": "kjole/K14_3.jpeg"
			},
			"kjole015": {
				"Navn": "Short Sleeve Frill Dress",
				"Pris": "449 kr",
				"Farge1": "Rød",
				"Farge2": "",
				"Farge3": "",
				"Merke": "Ax Paris",
				"Salg": "",
				"Bilde1": "kjole/K15_1.jpeg",
				"Bilde2": "kjole/K15_2.jpeg",
				"Bilde3": "kjole/K15_3.jpeg"
			}
		},
		"bukse": {
			"bukse001": {
				"Navn": "Pro Pants",
				"Pris": "399 kr",
				"Farge1": "Grå",
				"Farge2": "",
				"Farge3": "",
				"Merke": "Sisters Point",
				"Salg": "",
				"Bilde1": "bukse/B1_1.jpeg",
				"Bilde2": "bukse/B1_2.jpeg",
				"Bilde3": "bukse/B1_3.jpeg"
			},
			"bukse002": {
				"Navn": "W NSW GYM VNTG PANT",
				"Pris": "479 kr",
				"Farge1": "Grå",
				"Farge2": "",
				"Farge3": "",
				"Merke": "Nike",
				"Salg": "",
				"Bilde1": "bukse/B2_1.jpeg",
				"Bilde2": "bukse/B2_2.jpeg",
				"Bilde3": "bukse/B2_3.jpeg"
			},
			"bukse003": {
				"Navn": "Crepe Straight Pants",
				"Pris": "299 kr",
				"Farge1": "Svart",
				"Farge2": "",
				"Farge3": "",
				"Merke": "NLY Trend",
				"Salg": "",
				"Bilde1": "bukse/B3_1.jpeg",
				"Bilde2": "bukse/B3_2.jpeg",
				"Bilde3": "bukse/B3_3.jpeg"
			},
			"bukse004": {
				"Navn": "Plain Cargo Trousers",
				"Pris": "299 kr",
				"Farge1": "Gul",
				"Farge2": "",
				"Farge3": "",
				"Merke": "Missguided",
				"Salg": "",
				"Bilde1": "bukse/B4_1.jpeg",
				"Bilde2": "bukse/B4_2.jpeg",
				"Bilde3": "bukse/B4_3.jpeg"
			},
			"bukse005": {
				"Navn": "Perfect Cargo Pants",
				"Pris": "529 kr",
				"Farge1": "Svart",
				"Farge2": "",
				"Farge3": "",
				"Merke": "NLY Trend",
				"Salg": "",
				"Bilde1": "bukse/B5_1.jpeg",
				"Bilde2": "bukse/B5_2.jpeg",
				"Bilde3": "bukse/B5_3.jpeg"
			},
			"bukse006": {
				"Navn": "Crepe Straight Pants",
				"Pris": "299 kr",
				"Farge1": "Beige",
				"Farge2": "",
				"Farge3": "",
				"Merke": "NLY Trend",
				"Salg": "",
				"Bilde1": "bukse/B6_1.jpeg",
				"Bilde2": "bukse/B6_2.jpeg",
				"Bilde3": "bukse/B6_3.jpeg"
			},
			"bukse007": {
				"Navn": "High Waist Vintage Denim",
				"Pris": "499 kr",
				"Farge1": "Blå",
				"Farge2": "",
				"Farge3": "",
				"Merke": "NLY Trend",
				"Salg": "",
				"Bilde1": "bukse/B7_1.jpeg",
				"Bilde2": "bukse/B7_2.jpeg",
				"Bilde3": "bukse/B7_3.jpeg"
			},
			"bukse008": {
				"Navn": "Macy",
				"Pris": "499 kr",
				"Farge1": "Svart",
				"Farge2": "",
				"Farge3": "",
				"Merke": "Dr Denim",
				"Salg": "",
				"Bilde1": "bukse/B8_1.jpeg",
				"Bilde2": "bukse/B8_2.jpeg",
				"Bilde3": "bukse/B8_3.jpeg"
			},
			"bukse009": {
				"Navn": "Front Button Denim",
				"Pris": "529 kr",
				"Farge1": "Blå",
				"Farge2": "",
				"Farge3": "",
				"Merke": "NLY Trend",
				"Salg": "",
				"Bilde1": "bukse/B9_1.jpeg",
				"Bilde2": "bukse/B9_2.jpeg",
				"Bilde3": "bukse/B9_3.jpeg"
			},
			"bukse010": {
				"Navn": "High Waist Vintage Denim",
				"Pris": "499 kr",
				"Farge1": "Svart",
				"Farge2": "",
				"Farge3": "",
				"Merke": "NLY Trend",
				"Salg": "",
				"Bilde1": "bukse/B10_1.jpeg",
				"Bilde2": "bukse/B10_2.jpeg",
				"Bilde3": "bukse/B10_3.jpeg"
			},
			"bukse011": {
				"Navn": "Macy",
				"Pris": "499 kr",
				"Farge1": "Hvit",
				"Farge2": "",
				"Farge3": "",
				"Merke": "Dr Denim",
				"Salg": "",
				"Bilde1": "bukse/B11_1.jpeg",
				"Bilde2": "bukse/B11_2.jpeg",
				"Bilde3": "bukse/B11_3.jpeg"
			},
			"bukse012": {
				"Navn": "Molly High Waist Jeans",
				"Pris": "299 kr",
				"Farge1": "Blå",
				"Farge2": "",
				"Farge3": "",
				"Merke": "Gina Tricot",
				"Salg": "",
				"Bilde1": "bukse/B12_1.jpeg",
				"Bilde2": "bukse/B12_2.jpeg",
				"Bilde3": "bukse/B12_3.jpeg"
			},
			"bukse013": {
				"Navn": "501 Crop Diamond In The Rough",
				"Pris": "1199 kr",
				"Farge1": "Blå",
				"Farge2": "",
				"Farge3": "",
				"Merke": "Levis",
				"Salg": "",
				"Bilde1": "bukse/B13_1.jpeg",
				"Bilde2": "bukse/B13_2.jpeg",
				"Bilde3": "bukse/B13_3.jpeg"
			},
			"bukse014": {
				"Navn": "Superstretch Cargo Pants",
				"Pris": "399 kr",
				"Farge1": "Beige",
				"Farge2": "",
				"Farge3": "",
				"Merke": "NLY Trend",
				"Salg": "",
				"Bilde1": "bukse/B14_1.jpeg",
				"Bilde2": "bukse/B14_2.jpeg",
				"Bilde3": "bukse/B14_3.jpeg"
			},
			"bukse015": {
				"Navn": "Gina Curve Lt Blue Destroy",
				"Pris": "499 kr",
				"Farge1": "Blå",
				"Farge2": "",
				"Farge3": "",
				"Merke": "Gina Tricot",
				"Salg": "",
				"Bilde1": "bukse/B15_1.jpeg",
				"Bilde2": "bukse/B15_2.jpeg",
				"Bilde3": "bukse/B15_3.jpeg"
			}
		},
		"sko": {
			"sko001": {
				"Navn": "Mynthe mesh",
				"Pris": "1199 kr",
				"Farge1": "Hvit",
				"Farge2": "Gul",
				"Farge3": "Brun",
				"Merke": "Pavement",
				"Salg": "",
				"Bilde1": "sko/S1_1.jpeg",
				"Bilde2": "sko/S1_2.jpeg",
				"Bilde3": "sko/S1_3.jpeg"
			},
			"sko002": {
				"Navn": "Open Pointy Toe Heel",
				"Pris": "499 kr",
				"Farge1": "Svart",
				"Farge2": "",
				"Farge3": "",
				"Merke": "NLY Shoes",
				"Salg": "",
				"Bilde1": "sko/S2_1.jpeg",
				"Bilde2": "sko/S2_2.jpeg",
				"Bilde3": "sko/S2_3.jpeg"
			},
			"sko003": {
				"Navn": "Braided Plateau Heel",
				"Pris": "499 kr",
				"Farge1": "Beige",
				"Farge2": "",
				"Farge3": "",
				"Merke": "NLY Shoes",
				"Salg": "",
				"Bilde1": "sko/S3_1.jpeg",
				"Bilde2": "sko/S3_2.jpeg",
				"Bilde3": "sko/S3_3.jpeg"
			},
			"sko004": {
				"Navn": "Pointy Toe Strap Sandal",
				"Pris": "429 kr",
				"Farge1": "Gul",
				"Farge2": "",
				"Farge3": "",
				"Merke": "NLY Shoes",
				"Salg": "",
				"Bilde1": "sko/S4_1.jpeg",
				"Bilde2": "sko/S4_2.jpeg",
				"Bilde3": "sko/S4_3.jpeg"
			},
			"sko005": {
				"Navn": "2790 Acotw",
				"Pris": "799 kr",
				"Farge1": "Hvit",
				"Farge2": "",
				"Farge3": "",
				"Merke": "Superga",
				"Salg": "",
				"Bilde1": "sko/S5_1.jpeg",
				"Bilde2": "sko/S5_2.jpeg",
				"Bilde3": "sko/S5_3.jpeg"
			},
			"sko006": {
				"Navn": "CL LTHR",
				"Pris": "899 kr",
				"Farge1": "Hvit",
				"Farge2": "",
				"Farge3": "",
				"Merke": "Reebok Classics",
				"Salg": "",
				"Bilde1": "sko/S6_1.jpeg",
				"Bilde2": "sko/S6_2.jpeg",
				"Bilde3": "sko/S6_3.jpeg"
			},
			"sko007": {
				"Navn": "Braided Plateau Heel",
				"Pris": "499 kr",
				"Farge1": "Svart",
				"Farge2": "",
				"Farge3": "",
				"Merke": "NLY Shoes",
				"Salg": "",
				"Bilde1": "sko/S7_1.jpeg",
				"Bilde2": "sko/S7_2.jpeg",
				"Bilde3": "sko/S7_3.jpeg"
			},
			"sko008": {
				"Navn": "Reagan",
				"Pris": "1399 kr",
				"Farge1": "Hvit",
				"Farge2": "Grå",
				"Farge3": "Svart",
				"Merke": "Pavement",
				"Salg": "",
				"Bilde1": "sko/S8_1.jpeg",
				"Bilde2": "sko/S8_2.jpeg",
				"Bilde3": "sko/S8_3.jpeg"
			},
			"sko009": {
				"Navn": "Flirty Wave Sneaker",
				"Pris": "399 kr",
				"Farge1": "Hvit",
				"Farge2": "Svart",
				"Farge3": "Brun",
				"Merke": "NLY Shoes",
				"Salg": "",
				"Bilde1": "sko/S9_1.jpeg",
				"Bilde2": "sko/S9_2.jpeg",
				"Bilde3": "sko/S9_3.jpeg"
			},
			"sko010": {
				"Navn": "2790 Acotw",
				"Pris": "799 kr",
				"Farge1": "Gul",
				"Farge2": "",
				"Farge3": "",
				"Merke": "Superga",
				"Salg": "",
				"Bilde1": "sko/S10_1.jpeg",
				"Bilde2": "sko/S10_2.jpeg",
				"Bilde3": "sko/S10_3.jpeg"
			},
			"sko011": {
				"Navn": "Perfect Sneaker",
				"Pris": "349 kr",
				"Farge1": "Hvit",
				"Farge2": "Svart",
				"Farge3": "",
				"Merke": "NLY Shoes",
				"Salg": "",
				"Bilde1": "sko/S11_1.jpeg",
				"Bilde2": "sko/S11_2.jpeg",
				"Bilde3": "sko/S11_3.jpeg"
			},
			"sko012": {
				"Navn": "UA OLD SKOOL",
				"Pris": "749 kr",
				"Farge1": "Svart",
				"Farge2": "Hvit",
				"Farge3": "",
				"Merke": "VANS",
				"Salg": "",
				"Bilde1": "sko/S12_1.jpeg",
				"Bilde2": "sko/S12_2.jpeg",
				"Bilde3": "sko/S12_3.jpeg"
			},
			"sko013": {
				"Navn": "Flirty Wave Sneaker",
				"Pris": "399",
				"Farge1": "Hvit",
				"Farge2": "",
				"Farge3": "",
				"Merke": "NLY Shoes",
				"Salg": "",
				"Bilde1": "sko/S13_1.jpeg",
				"Bilde2": "sko/S13_2.jpeg",
				"Bilde3": "sko/S13_3.jpeg"
			},
			"sko014": {
				"Navn": "Mid Heel Ankle Boot",
				"Pris": "399 kr",
				"Farge1": "Svart",
				"Farge2": "",
				"Farge3": "",
				"Merke": "NLY Shoes",
				"Salg": "",
				"Bilde1": "sko/S14_1.jpeg",
				"Bilde2": "sko/S14_2.jpeg",
				"Bilde3": "sko/S14_3.jpeg"
			},
			"sko015": {
				"Navn": "Arizona Narrow Fit",
				"Pris": "999 kr",
				"Farge1": "Svart",
				"Farge2": "",
				"Farge3": "",
				"Merke": "Birkenstock",
				"Salg": "",
				"Bilde1": "sko/S15_1.jpeg",
				"Bilde2": "sko/S15_2.jpeg",
				"Bilde3": "sko/S15_3.jpeg"
			}
		}
	}
}
